{"Cpu":[7.493556134849189,7.373052594587152,7.302455508327037,7.239802437674997],"Memory":{"Total":7994580992,"Used":4930756608,"Free":456822784}}